{"Students":[
{"StudentId":1,
"StudentName":"Renu",
"StudentMarks":90},
{"StudentId":1,
"StudentName":"Renu",
"StudentMarks":90},
{"StudentId":1,
"StudentName":"Renu",
"StudentMarks":90},
{"StudentId":1,
"StudentName":"Renu",
"StudentMarks":90},
{"StudentId":1,
"StudentName":"Renu",
"StudentMarks":90},
{"StudentId":1,
"StudentName":"Renu",
"StudentMarks":90},
{"StudentId":1,"StudentName":"Renu","StudentMarks":90},
{"StudentId":1,"StudentName":"Renu","StudentMarks":90},
{"StudentId":1,"StudentName":"Renu","StudentMarks":90},
{"StudentId":1,"StudentName":"Renu","StudentMarks":90},
{"StudentId":1,"StudentName":"Renu","StudentMarks":90},
{"StudentId":1,"StudentName":"Renu","StudentMarks":90},
{"StudentId":1,"StudentName":"Renu","StudentMarks":90},
{"StudentId":1,"StudentName":"Renu","StudentMarks":90},
{"StudentId":1,"StudentName":"Renu","StudentMarks":90},
{"StudentId":1,"StudentName":"Renu","StudentMarks":90},
{"StudentId":1,"StudentName":"Renu","StudentMarks":90},
{"StudentId":1,"StudentName":"Renu","StudentMarks":90},
{"StudentId":1,"StudentName":"Renu","StudentMarks":90}]}
